[{"user_id":1,"username":"hyakuntsov0","email":"temslie0@wikipedia.org","password":"cH0/nUT2\"NQ)V.w","address":"7 Steensland Street"},
{"user_id":2,"username":"cpaszek1","email":"kratnage1@goodreads.com","password":"uE9)D_~1","address":"02236 Tennyson Crossing"},
{"user_id":3,"username":"srickarsey2","email":"imanchett2@ca.gov","password":"rT7&C#Ax","address":"93225 Graceland Road"},
{"user_id":4,"username":"jokenfold3","email":"jlowes3@booking.com","password":"sR3\\_{?.Z%I","address":"5566 Meadow Ridge Drive"},
{"user_id":5,"username":"lmew4","email":"aivanitsa4@joomla.org","password":"zW7/GH7zp","address":"35 Portage Point"},
{"user_id":6,"username":"rbotger5","email":"asutherel5@ameblo.jp","password":"hT8%YwyBY","address":"93 Fuller Junction"},
{"user_id":7,"username":"mlammiman6","email":"nbuntine6@naver.com","password":"nK4'qU.C)YHOn","address":"8612 Nancy Point"},
{"user_id":8,"username":"gbartens7","email":"smattiato7@facebook.com","password":"iZ3|I0'0(","address":"80227 Parkside Street"},
{"user_id":9,"username":"momalley8","email":"pconklin8@issuu.com","password":"vB5}eal<Uhc8\"Zr*","address":"284 Stang Center"},
{"user_id":10,"username":"jcrowcroft9","email":"glipscombe9@desdev.cn","password":"aW7!&$=66>w#44n","address":"51 Maple Road"},
{"user_id":11,"username":"ghuba","email":"uconiama@nydailynews.com","password":"fH8@7QV!","address":"2 Shoshone Drive"},
{"user_id":12,"username":"ljoireb","email":"heatttokb@ihg.com","password":"rB7(,guJrj)Ak!I","address":"7 Briar Crest Place"},
{"user_id":13,"username":"jbergec","email":"wmeddc@last.fm","password":"tV2%~=xLPn@Fu","address":"30 Bashford Drive"},
{"user_id":14,"username":"csamwelld","email":"folleyd@miibeian.gov.cn","password":"cD5,cH/&\\","address":"49595 Oak Valley Avenue"},
{"user_id":15,"username":"cgundrye","email":"sgroomee@jigsy.com","password":"oS4\"zR%Seo\\Ze%","address":"867 Dorton Crossing"}]