[
	{
		"name": "Britanni Weaver",
		"phone": "(325) 885-7603",
		"email": "interdum.ligula@aol.com",
		"address": "Ap #284-904 A Rd.",
		"region": "Jammu and Kashmir"
	},
	{
		"name": "Kelly Burris",
		"phone": "1-677-734-5619",
		"email": "sagittis.nullam@aol.ca",
		"address": "Ap #414-7589 Augue Rd.",
		"region": "South Sulawesi"
	},
	{
		"name": "Andrew Bernard",
		"phone": "(671) 663-9021",
		"email": "enim.gravida.sit@yahoo.net",
		"address": "Ap #233-4454 Sem, St.",
		"region": "Pomorskie"
	},
	{
		"name": "Laurel Mcguire",
		"phone": "1-348-753-0833",
		"email": "in.faucibus@hotmail.ca",
		"address": "Ap #557-9557 Ligula Road",
		"region": "Viken"
	},
	{
		"name": "Bert Dyer",
		"phone": "(520) 987-5816",
		"email": "tristique.pellentesque.tellus@outlook.net",
		"address": "1560 Suspendisse St.",
		"region": "Friuli-Venezia Giulia"
	},
	{
		"name": "Clayton Key",
		"phone": "(954) 661-4517",
		"email": "nibh.lacinia@protonmail.com",
		"address": "9018 Scelerisque St.",
		"region": "San Luis Potosí"
	},
	{
		"name": "Zia Wilkins",
		"phone": "(898) 971-4544",
		"email": "nam@google.net",
		"address": "2793 Purus. Road",
		"region": "Rogaland"
	},
	{
		"name": "Isaiah Elliott",
		"phone": "1-932-564-3725",
		"email": "ante.iaculis@google.org",
		"address": "P.O. Box 903, 6880 Euismod Avenue",
		"region": "Querétaro"
	}
]